{
  "page_index": 3,
  "bbox": [
    128.61407496977026,
    1068.8076831005983,
    584.0422732769046,
    1472.910094043887
  ],
  "caption_text": "Fig.3). ",
  "caption_bbox": [
    113.27999877929688,
    1030.6759033203125,
    183.4080047607422,
    1057.243896484375
  ],
  "snippet_text": "the larger distorted cubes. As the reaction time increased to 24 hours, the morphology of the iron \noxide nanoparticles changed from elongated rods to distorted cubes; also, their size increased (see \nFig.3). \nFigure 3. SEM Images of the synthesised Iron oxide nanoparticles with reaction times A) 12 hrs, \nand B) 24hrs at 170°C. ",
  "extraction_trace": [
    "Extracted from PDF",
    "Aligned Caption",
    "Enriched with AI"
  ]
}