{
  "subtype": "microscopy",
  "subtype_confidence": 0.5,
  "conditions": [
    {
      "name": "wavelength",
      "value": "30 nm",
      "source": "regex_heuristic",
      "confidence": 0.8
    },
    {
      "name": "wavelength",
      "value": "30 nm",
      "source": "regex_heuristic",
      "confidence": 0.8
    },
    {
      "name": "wavelength",
      "value": "30 nm",
      "source": "regex_heuristic",
      "confidence": 0.8
    }
  ],
  "material_candidates": [],
  "keywords": [
    "vs",
    "SEM"
  ],
  "method": "ocr_heuristic",
  "debug": {
    "ocr_text": "",
    "scores": {
      "microscopy": 1.5,
      "spectrum": 0.0,
      "line_plot": 1.0
    },
    "white_ratio": 0.0
  }
}