{
  "page_index": 6,
  "bbox": [
    178.01600646972656,
    144.00225830078125,
    1046.49462890625,
    792.134033203125
  ],
  "caption_text": "Fig. 3: Importance of IR spectra for identifying functional groups. Three representa-",
  "caption_bbox": [
    178.01600646972656,
    797.785400390625,
    1046.534423828125,
    817.785400390625
  ],
  "snippet_text": "Fig. 3: Importance of IR spectra for identifying functional groups. Three representa-\ntive examples where IR spectra are essential to correctly identify carbonyl groups and distinguish\nbranched chain configurations. Without IR input, predictions based on Raman and UV-Vis remain\nambiguous or incorrect.\nfunctional groups (0.7209 vs. 0.1718), highlighting its ability to learn interpretable mappings between",
  "extraction_trace": [
    "Extracted from PDF",
    "Aligned Caption",
    "Enriched with AI"
  ]
}