{
  "subtype": "microscopy",
  "subtype_confidence": 0.5,
  "conditions": [
    {
      "name": "temperature",
      "value": "170°C",
      "source": "regex_heuristic",
      "confidence": 0.8
    },
    {
      "name": "temperature",
      "value": "62.55 K",
      "source": "regex_heuristic",
      "confidence": 0.8
    },
    {
      "name": "wavelength",
      "value": "8nm",
      "source": "regex_heuristic",
      "confidence": 0.8
    },
    {
      "name": "wavelength",
      "value": "8 nm",
      "source": "regex_heuristic",
      "confidence": 0.8
    },
    {
      "name": "wavelength",
      "value": "300 nm",
      "source": "regex_heuristic",
      "confidence": 0.8
    },
    {
      "name": "time",
      "value": "24 h",
      "source": "regex_heuristic",
      "confidence": 0.8
    },
    {
      "name": "time",
      "value": "12 h",
      "source": "regex_heuristic",
      "confidence": 0.8
    },
    {
      "name": "time",
      "value": "24h",
      "source": "regex_heuristic",
      "confidence": 0.8
    }
  ],
  "material_candidates": [],
  "keywords": [
    "SEM"
  ],
  "method": "ocr_heuristic",
  "debug": {
    "ocr_text": "63t8nmi Fo8 nm 68 18 nn 300 nm EHT = 15.00kv Signal_ Inlens 2021 WD 6.0 mm Mag 62.55 K X",
    "scores": {
      "microscopy": 1.5,
      "spectrum": 0.0,
      "line_plot": 0.0
    },
    "white_ratio": 0.0788422344399574
  }
}