{
  "subtype": "microscopy",
  "subtype_confidence": 0.6666666666666666,
  "conditions": [
    {
      "name": "wavelength",
      "value": "1 μm",
      "source": "regex_heuristic",
      "confidence": 0.8
    },
    {
      "name": "wavelength",
      "value": "1 μm",
      "source": "regex_heuristic",
      "confidence": 0.8
    },
    {
      "name": "wavelength",
      "value": "1 μm",
      "source": "regex_heuristic",
      "confidence": 0.8
    }
  ],
  "material_candidates": [],
  "keywords": [
    "vs",
    "SEM",
    "Intensity",
    "TEM"
  ],
  "method": "ocr_heuristic",
  "debug": {
    "ocr_text": "125 : Signal intensity 120 115 [ 110 Uk M 105 8 100 200 400 600 800 1000 position (nm) Hwwww",
    "scores": {
      "microscopy": 2.0,
      "spectrum": 1.3,
      "line_plot": 1.5
    },
    "white_ratio": 0.8518612439421018
  }
}