{
  "page_index": 9,
  "bbox": [
    215.51593017578125,
    1010.43017578125,
    260.51116943359375,
    1149.8565673828125
  ],
  "caption_text": "Figure 4 Schematics drawings of emitted electrons contributing to different contrasts. (a) Energy distribution of ",
  "caption_bbox": [
    219.24000549316406,
    1243.3919677734375,
    1080.97265625,
    1268.3040771484375
  ],
  "snippet_text": "have to do is to find a way to receive emitted electrons with different take-off angles and energies. \n \nFigure 4 Schematics drawings of emitted electrons contributing to different contrasts. (a) Energy distribution of \nthe emitted electrons showing how the charge contrast is dominated by low-energy electrons. (b) Low-angle (LA) \nelectrons and high-angle (HA) electrons emitted from different regions showing that the topographic contrast is \ndominated by LA and the material contrast is dominated by HA. (c) The acceptance map illustrating the dominant \ncontrast for electrons in certain take-off angle (θ) and energy (E) ranges. (C, Charge contrast) ",
  "extraction_trace": [
    "Extracted from PDF",
    "Aligned Caption",
    "Enriched with AI"
  ]
}