{
  "subtype": "spectrum",
  "subtype_confidence": 1.0,
  "conditions": [],
  "material_candidates": [],
  "keywords": [
    "Spectra",
    "TEM",
    "Raman",
    "UV-Vis"
  ],
  "method": "ocr_heuristic",
  "debug": {
    "ocr_text": "DECODER LORA COuLuaon Predicted Molecule DECODER SMILES: Cccc(ciO B = 0 DECODER Backbole B € DECODER Pretrained Weights DECODER W € Rdxd A = N(0,6- DECODER A € Rixr Modcl Dimcnsionality: 6144 ~lim_startl?systemln System Prompt<lim_endlzInslim_startl>userlnHuman Prompt<lim_endl?Inslim_startl-assistantin<think>Inln</think>Inln CYou chemist; Gwen provide the SMILES of the compound ] (Givon mulliplu specira Ihoy MFC-shiftsl\": 1\"77.14,54.54. Unscn Ina (ormal HASMILES: Ramar UV-Vis #C/\"H NMR HSOC NMR Mass Wavanumbcrs 3012.57 WNnvenumbers.2877 0 ^ Energies: 6.78 , C-shilts 5454,38 24 , H-shifts: L 16,0.91, MS` 28 0 20 30.0,31. 1554.06,1528.34.1278.97 903, 2927 2951,0,298 Intensines: 0.27.1,0 52,30,05 3.78,1,36 0,39.0,41.0,42.0,43.0. 41451, 1421,37 20,3008, Widths: 021,1,32 Intensines 59,0, 34, C-shifts.23 46 14.18, Intensities 0,003 0,099 Intonsitios 0,.22,0,68,0. Intensities:0 21,0.33,1.0 19,06,67.9 42.,02,42 02 0,014,0.481,0.005 0.247, 58,1.0.0.47 0 31 52,0.17 Hahila 62,3,01, Intonsitics 0,0.G7,0 0026 033 Widths: . 66.53,15.75,66. Widths:7 22,3.38,17.65,6 3.43 330 330 33 Ddldluct type: [Mi+ 713,13.85.202.45,8.31 35.15,53,5.43 Untensines: 0,34,0.11, Collision 0 13 Rrxk energy:",
    "scores": {
      "microscopy": 1.0,
      "spectrum": 3.0,
      "line_plot": 0.0
    },
    "white_ratio": 0.663698345546574
  }
}