{
  "page_index": 20,
  "bbox": [
    260.15999999999997,
    199.61950923962445,
    987.36,
    554.7119054831869
  ],
  "caption_text": "Figure (7)",
  "caption_bbox": [
    144.0,
    619.063720703125,
    247.7472381591797,
    642.97412109375
  ],
  "snippet_text": "Figure (7)\nTesting performance for the 10-molecule model. εML is computed by averaging\nε predictions from the 10-fold cross-validation. εQC is the quantum mechanically computed\nexcitation energies for the second state.\nFigure (8)",
  "extraction_trace": [
    "Extracted from PDF",
    "Aligned Caption",
    "Enriched with AI"
  ]
}