{
  "page_index": 19,
  "bbox": [
    260.15999999999997,
    199.13965465010597,
    988.3199999999999,
    555.6716146622236
  ],
  "caption_text": "Figure (6)",
  "caption_bbox": [
    144.0,
    619.063720703125,
    246.98211669921875,
    642.97412109375
  ],
  "snippet_text": "Figure (6)\nLinear decomposition analysis from the 7-molecule model. %group are computed\nby averaging the excitation energy predictions of 5000 frames.\nMachine Learning Higher Excited States\nTo explore the possibility of extending our machine learning method, we constructed",
  "extraction_trace": [
    "Extracted from PDF",
    "Aligned Caption",
    "Enriched with AI"
  ]
}