{
  "page_index": 5,
  "bbox": [
    988.0,
    914.0,
    1024.0,
    1010.0
  ],
  "caption_text": "Figure 1 Schematics illustrating the charge contrast of a single CNT on the SiO2/Si substrate. (a) The positively ",
  "caption_bbox": [
    222.9600067138672,
    1120.751953125,
    1077.4935302734375,
    1145.6640625
  ],
  "snippet_text": "3.1.Theoretical analysis of LVSEM imaging mechanism of CNT arrays \n \nFigure 1 Schematics illustrating the charge contrast of a single CNT on the SiO2/Si substrate. (a) The positively \ncharged substrate because the emitted electrons are more than the incident electrons. The CNT provides electron supply \nto the surrounding substrate in region C (C for CNT), so region C is charged less positively than region S (S for \nsubstrate). (b) Electron emission trajectories in different regions. Region C, with a width of >30 nm, emits more electrons \nto the detector. (c-d) The schematic drawing of the signal intensity and SEM image contrast of the sample. ",
  "extraction_trace": [
    "Extracted from PDF",
    "Aligned Caption",
    "Enriched with AI"
  ]
}