{
  "page_index": 12,
  "bbox": [
    144.0,
    143.9957275390625,
    1079.988525390625,
    611.989990234375
  ],
  "caption_text": "Figure (3)",
  "caption_bbox": [
    144.0,
    619.063720703125,
    248.6558380126953,
    642.97412109375
  ],
  "snippet_text": "Figure (3)\nTesting performance for the 7-molecule model. εML is computed by averaging\nε predictions from the 10-fold cross-validation. εQC is the quantum mechanically computed\nexcitation energies for the ﬁrst state. Molecules used in model generalization are indicated\nwith blue panels.",
  "extraction_trace": [
    "Extracted from PDF",
    "Aligned Caption",
    "Enriched with AI"
  ]
}