{
  "page_index": 27,
  "bbox": [
    605.3270263671875,
    814.072021484375,
    826.2213134765625,
    1034.964111328125
  ],
  "caption_text": "Figure S4 SEM images of an uncleaned polymer-sorted CNT array. (a) Before and (b) after annealing ",
  "caption_bbox": [
    180.0,
    1050.437744140625,
    1003.5379638671875,
    1078.173095703125
  ],
  "snippet_text": " \n \nFigure S4 SEM images of an uncleaned polymer-sorted CNT array. (a) Before and (b) after annealing \nin Ar gas at 350 ℃ for 1 hour. A WD of 5 mm is used to emphasize the material difference. The yellow \narrow indicates the contrast referece, i.e. bright contrast of the bare substrate near the edge of the CNT \narrays. White spots circled in red indicate the partial removal of the covered polymers.\n(c) θ",
  "extraction_trace": [
    "Extracted from PDF",
    "Aligned Caption",
    "Enriched with AI"
  ]
}