{
  "page_index": 20,
  "bbox": [
    144.0,
    762.4217529296875,
    1079.988525390625,
    1230.416015625
  ],
  "caption_text": "Figure (8)",
  "caption_bbox": [
    144.0,
    1237.48974609375,
    247.77114868164062,
    1261.400146484375
  ],
  "snippet_text": "ε predictions from the 10-fold cross-validation. εQC is the quantum mechanically computed\nexcitation energies for the second state.\nFigure (8)\nUV-Visible absorption spectra for all 10 aromatic molecules, including the ﬁrst\ntwo excited states. Thick lines correspond to the ML spectra predicted using the 10-molecule\nmodel. Dotted lines represent the calculated spectra using the multiscale quantum chemical\nmethod.",
  "extraction_trace": [
    "Extracted from PDF",
    "Aligned Caption",
    "Enriched with AI"
  ]
}