{
  "page_index": 14,
  "bbox": [
    334.4678532849657,
    422.3849486887116,
    890.1547601773478,
    625.4177137970353
  ],
  "caption_text": "Table 6: Data distribution across spectral modalities and splits.",
  "caption_bbox": [
    330.2439880371094,
    366.5673828125,
    894.3825073242188,
    386.5673828125
  ],
  "snippet_text": "943,732\n5,510,655\nTable 6: Data distribution across spectral modalities and splits.\nSpectrum\nTrain\nVal\nTest",
  "extraction_trace": [
    "Extracted from PDF",
    "Aligned Caption",
    "Enriched with AI"
  ]
}