{
  "page_index": 19,
  "bbox": [
    144.0,
    143.9957275390625,
    1079.988525390625,
    611.989990234375
  ],
  "caption_text": "Figure (6)",
  "caption_bbox": [
    144.0,
    619.063720703125,
    246.98211669921875,
    642.97412109375
  ],
  "snippet_text": "Figure (6)\nLinear decomposition analysis from the 7-molecule model. %group are computed\nby averaging the excitation energy predictions of 5000 frames.\nMachine Learning Higher Excited States\nTo explore the possibility of extending our machine learning method, we constructed",
  "extraction_trace": [
    "Extracted from PDF",
    "Aligned Caption",
    "Enriched with AI"
  ]
}