{
  "subtype": "table",
  "subtype_confidence": 1.0,
  "conditions": [
    {
      "name": "wavelength",
      "value": "30 nm",
      "source": "regex_heuristic",
      "confidence": 0.8
    },
    {
      "name": "wavelength",
      "value": "30 nm",
      "source": "regex_heuristic",
      "confidence": 0.8
    },
    {
      "name": "wavelength",
      "value": "30 nm",
      "source": "regex_heuristic",
      "confidence": 0.8
    }
  ],
  "material_candidates": [],
  "keywords": [],
  "method": "heuristic",
  "debug": {}
}