{
  "subtype": "spectrum",
  "subtype_confidence": 0.7666666666666666,
  "conditions": [],
  "material_candidates": [],
  "keywords": [
    "UV-Vis",
    "Spectra"
  ],
  "method": "ocr_heuristic",
  "debug": {
    "ocr_text": "phenol anisole aniline 1,4-benzenediol 1,4-aminophenol 1,2-methoxyphenol 1,4-anisidine 1,2-dimethoxybenzene 1,3-dimethoxybenzene 1,4-dimethoxybenzene",
    "scores": {
      "microscopy": 0.0,
      "spectrum": 2.3,
      "line_plot": 0.5
    },
    "white_ratio": 0.9149786275105968
  }
}